Andy's key,Type,Name,Official-name,Code,Territory belongs to,Territory belongs to code,Welsh,Passport applicant typos,Endonyms,Baymard synonyms,"""The"" removed",Words API synonyms
country:AF,country,Afghanistan,The Islamic Republic of Afghanistan,AF,,,Affganistan,"afganistan,
afgaanistan,
afgahanistan,
afganastan,
afganasthan,
afganestan,
afganhistan,
afganistan,
afganisthan,
afganitan,
afganstan,
afghainstan,
afghanisran,
afghanista,
afghanistan,
afghanistan,
afghanistmn,
afghanistn,
afghanitan,
afghanlstan,
afghannistan,
afghansitan,
afghanstan,
afghanstani,
afghauistan,
afghinstan,
afghistan,
afghistan,
afghnistan,
afgmanistan,
afgnistan,
afgnitan,
afhganisthan,
afhganitan,
afohanistan,
afrhanistan,
aghanistan,
apshanistan,
atganistan",",Afghanestan
افغانستان",",AF
 افغانستان",Islamic Republic of Afghanistan,
country:AL,country,Albania,The Republic of Albania,AL,,,Albania,"alabnia,
albana,
albania,
albanian,
albanija,
albenia,
albiana,
alibania",Shqipëria,AL,Republic of Albania,
country:DZ,country,Algeria,The People's Democratic Republic of Algeria,DZ,,,Algeria,"aigeria,
al geria,
alegeria,
algeir,
algeirs,
algena,
alger,
algera,
algeres,
algeria,
algeria,
algerian,
algerie,
algeries,
algers,
algieria,
algiers","Dzayer,
ⴷⵣⴰⵢⴻⵔ,
Al-Jazā'ir,
الجزائر","DZ,الجزائر",People's Democratic Republic of Algeria,algerie
country:AD,country,Andorra,The Principality of Andorra,AD,,,Andorra,,,AD,Principality of Andorra,
country:AO,country,Angola,The Republic of Angola,AO,,,Angola,angolo,,AO,Republic of Angola,
country:AG,country,Antigua and Barbuda,Antigua and Barbuda,AG,,,Antigwa a Barbiwda,,,AG,Antigua and Barbuda,
country:AR,country,Argentina,The Argentine Republic,AR,,,Yr Ariannin,"Argenina,
Argentinia,
argentiha,
argentina,
argentine,
argentna",,AR,Argentine Republic,genus argentina
country:AM,country,Armenia,The Republic of Armenia,AM,,,Armenia,"arima,
armenia,
arminia","Hayastán,
Հայաստան","AM,Հայաստան",Republic of Armenia,hayastan
country:AU,country,Australia,The Commonwealth of Australia,AU,,,Awstralia,"Austraila,
Autralia,
ajstralia,
anstralia,
auitralia,
aujtralia,
ausralia,
austalia,
austaria,
austarlia,
austracia,
austraiih,
austraila,
austrailia,
australa,
australh,
australia,
australiag,
australian,
australla,
austrilia,
austrlia,
austrolia,
autralia,
avstralia,
avstria",,AU,Commonwealth of Australia,
country:AT,country,Austria,The Republic of Austria,AT,,,Awstria,austria,Österreich,"AT,Österreich,Osterreich,Oesterreich",Republic of Austria,
country:AZ,country,Azerbaijan,The Republic of Azerbaijan,AZ,,,Aserbaijan,"azebaijan,
azeraijan,
azerbaijan,
azerbaijan,
azerbaijann,
azerbaisan,
azerbaizan,
azerbajan,
azerbaycan,
azerbayjan,
azerbeyjan,
azerbpijan",Azərbaycan,AZ,Republic of Azerbaijan,"azerbaijani republic
azerbajdzhan,
azerbajdzhan republic"
country:BH,country,Bahrain,The Kingdom of Bahrain,BH,,,Bahrain,,",Al-Baḥrayn
البحرين"," البحرين,BH",Kingdom of Bahrain,state of bahrain
country:BD,country,Bangladesh,The People's Republic of Bangladesh,BD,,,Bangladesh,,বাংলাদেশ,"BD,বাংলাদেশ",People's Republic of Bangladesh,"bangla desh,
east pakistan"
country:BB,country,Barbados,Barbados,BB,,,Barbados,,,BB,Barbados,
country:BY,country,Belarus,The Republic of Belarus,BY,,,Belarws,,"Bielaruś,
Беларусь,
Belarus,
Беларусь","BY,Беларусь",Republic of Belarus,"belorussia,
byelarus,
byelorussia,
white russia"
country:BE,country,Belgium,The Kingdom of Belgium,BE,,,Gwlad Belg,Belguim,"België,
Belgique,
Belgien","BE,België,Belgie,Belgien,Belgique",Kingdom of Belgium,
country:BZ,country,Belize,Belize,BZ,,,Belize,,,BZ,Belize,british honduras
country:BJ,country,Benin,The Republic of Benin,BJ,,,Benin,,,BJ,Republic of Benin,dahomey
country:BT,country,Bhutan,The Kingdom of Bhutan,BT,,,Bhwtan,,"Druk Yul,
འབྲུག་ཡུལ","BT,भूटान",Kingdom of Bhutan,
country:BO,country,Bolivia,The Plurinational State of Bolivia,BO,,,Bolifia,,"Bolivia,
Buliwya,
Wuliwya,
Volívia",BO,Plurinational State of Bolivia,
country:BA,country,Bosnia and Herzegovina,Bosnia and Herzegovina,BA,,,Bosnia a Hercegovina,,"Bosna i Hercegovina,
Босна и Херцеговина","BA,BiH,Bosna i Hercegovina,Босна и Херцеговина",Bosnia and Herzegovina,"bosna i hercegovina,
bosnia-herzegovina,
republic of bosnia and herzegovina"
country:BW,country,Botswana,The Republic of Botswana,BW,,,Botswana,,,BW,Republic of Botswana,
country:BR,country,Brazil,The Federative Republic of Brazil,BR,,,Brasil,,Brasil,"BR,Brasil",Federative Republic of Brazil,
country:BN,country,Brunei,Brunei Darussalam,BN,,,Brunei,,بروني,BN,Brunei Darussalam,negara brunei darussalam
country:BG,country,Bulgaria,The Republic of Bulgaria,BG,,,Bwlgaria,"Bugaria,
Bulagar","Bulgariya,
Bălgarija,
България","BG,България",Republic of Bulgaria,
country:BF,country,Burkina Faso,Burkina Faso,BF,,,Burkina Faso,,,BF,Burkina Faso,upper volta
country:MM,country,Burma,The Republic of the Union of Myanmar,MM,,,Burma,,"Myanma,
မြန်မာ",MM,Republic of the Union of Myanmar,union of burma
country:BI,country,Burundi,The Republic of Burundi,BI,,,Bwrwndi,,,BI,Republic of Burundi,
country:KH,country,Cambodia,The Kingdom of Cambodia,KH,,,Cambodia,,"Kampuchea,
កម្ពុជា","KH,កម្ពុជា",Kingdom of Cambodia,kampuchea
country:CM,country,Cameroon,The Republic of Cameroon,CM,,,Camerŵn,,"Cameroun,
Cameroon",CM,Republic of Cameroon,cameroun
country:CA,country,Canada,Canada,CA,,,Canada,"Canadaigua,
Candada",,CA,Canada,
country:CV,country,Cape Verde,The Republic of Cabo Verde,CV,,,Cabo Verde,,Cabo Verde,"CV,Cabo",Republic of Cabo Verde,
country:CF,country,Central African Republic,The Central African Republic,CF,,,Gweriniaeth Canolbarth Affrica,,"République Centrafricaine,
Ködörösêse tî Bêafrîka",CF,Central African Republic,central africa
country:TD,country,Chad,The Republic of Chad,TD,,,Tchad,,"Tchad,
Tšād,
تشاد","TD,تشاد‎,Tchad",Republic of Chad,
country:CL,country,Chile,The Republic of Chile,CL,,,Chile,,,CL,Republic of Chile,
country:CN,country,China,The People's Republic of China,CN,,,Tsieina,,"Zhōngguó,
中国","CN,Zhongguo,Zhonghua Peoples Republic,中国,中华",People's Republic of China,"cathay,
mainland china,
prc"
country:CO,country,Colombia,The Republic of Colombia,CO,,,Colombia,,,CO,Republic of Colombia,
country:KM,country,Comoros,The Union of the Comoros,KM,,,Y Comoros,,"Komori,
Juzur al-Qamar,
جزر القمر,
Comores","KM, جز, القمر",Union of the Comoros,federal islamic republic of the comoros
country:CG,country,Congo,The Republic of the Congo,CG,,,Gweriniaeth y Congo,,République du Congo,CG,Republic of the Congo,french congo
country:CD,country,Congo (Democratic Republic),The Democratic Republic of the Congo,CD,,,Gweriniaeth Ddemocrataidd Congo,,République démocratique du Congo,"CD,Congo-Brazzaville,Repubilika ya Kongo",Democratic Republic of the Congo,
country:CR,country,Costa Rica,The Republic of Costa Rica,CR,,,Costa Rica,"Coasta Rica,
Costa Rico",,CR,Republic of Costa Rica,
country:HR,country,Croatia,The Republic of Croatia,HR,,,Croatia,,Hrvatska,"HR,Hrvatska",Republic of Croatia,
country:CU,country,Cuba,The Republic of Cuba,CU,,,Ciwba,,,CU,Republic of Cuba,
country:CY,country,Cyprus,The Republic of Cyprus,CY,,,Cyprus,,"Kypros,
Κύπρος,
Kıbrıs","CY,Κύπρος,Kýpros,Kıbrıs",Republic of Cyprus,
country:CZ,country,Czechia,The Czech Republic,CZ,,,Y Weriniaeth Tsiec,Czechoslav,"Česká republika
Česko","CZ,Česká,Ceska",Czech Republic,
country:CS,country,Czechoslovakia,Czechoslovak Republic,CS,,,Tsiecoslofacia,,,,Czechoslovak Republic,
country:DK,country,Denmark,The Kingdom of Denmark,DK,,,Denmarc,,Danmark,"DK,Danmark",Kingdom of Denmark,
country:DJ,country,Djibouti,The Republic of Djibouti,DJ,,,Djibouti,,"Jībūtī,
جيبوتي,
Djibouti","DJ,جيبوتي‎,Jabuuti,Gabuuti",Republic of Djibouti,
country:DM,country,Dominica,The Commonwealth of Dominica,DM,,,Dominica,,,"DM,Dominique",Commonwealth of Dominica,
country:DO,country,Dominican Republic,The Dominican Republic,DO,,,Gweriniaeth Dominica,,República Dominicana,DO,Dominican Republic,
country:DD,country,East Germany,Germany Democratic Republic,DD,,,Dwyrain yr Almaen,,,,Germany Democratic Republic,
country:TL,country,East Timor,The Democratic Republic of Timor-Leste,TL,,,Dwyrain Timor,,"Timor Lorosa'e,
Timor-Leste",TL,Democratic Republic of Timor-Leste,timor
country:EC,country,Ecuador,The Republic of Ecuador,EC,,,Ecwador,,,EC,Republic of Ecuador,
country:EG,country,Egypt,The Arab Republic of Egypt,EG,,,Yr Aifft,"Egpyt,
Egyot,
Egyt,
Rgypt","Misr,
Masr,
مصر",EG,Arab Republic of Egypt,united arab republic
country:SV,country,El Salvador,The Republic of El Salvador,SV,,,El Salvador,,,SV,Republic of El Salvador,salvador
country:GQ,country,Equatorial Guinea,The Republic of Equatorial Guinea,GQ,,,Gini Gyhydeddol,,Guinea Ecuatorial,GQ,Republic of Equatorial Guinea,spanish guinea
country:ER,country,Eritrea,The State of Eritrea,ER,,,Eritrea,,"Iritriya,
إرتريا,
Ertra,
ኤርትራ","ER,إرتريا,ኤርትራ",State of Eritrea,
country:EE,country,Estonia,The Republic of Estonia,EE,,,Estonia,,Eesti,"EE,Eesti",Republic of Estonia,esthonia
country:ET,country,Ethiopia,The Federal Democratic Republic of Ethiopia,ET,,,Ethiopia,Ethopi,"Ityop'ia,
ኢትዮጵያ","ET,ኢትዮጵያ",Federal Democratic Republic of Ethiopia,"abyssinia,
yaltopya"
country:FJ,country,Fiji,The Republic of Fiji,FJ,,,Ffiji,,"Fiji,
Viti,
फ़िजी","FJ,Viti,फ़िजी",Republic of Fiji,
country:FI,country,Finland,The Republic of Finland,FI,,,Y Ffindir,,Suomi,"FI,Suomi",Republic of Finland,
country:FR,country,France,The French Republic,FR,,,Ffrainc,,,"FR,République française",French Republic,
country:GA,country,Gabon,The Gabonese Republic,GA,,,Gabon,,République gabonaise,"GA,République Gabonaise",Gabonese Republic,gabun
country:GE,country,Georgia,Georgia,GE,,,Georgia,Goergia,"Sak'art'velo,
საქართველო","GE,საქართველო",Georgia,sakartvelo
country:DE,country,Germany,The Federal Republic of Germany,DE,,,Yr Almaen,,Deutschland,"DE,Bundesrepublik,Deutschland",Federal Republic of Germany,frg
country:GH,country,Ghana,The Republic of Ghana,GH,,,Ghana,,,GH,Republic of Ghana,gold coast
country:GR,country,Greece,The Hellenic Republic,GR,,,Gwlad Groeg,,"Hellas,
Ελλάς,
Ellada,
Ελλάδα","GR,Ελλάδα",Hellenic Republic,ellas
country:GD,country,Grenada,Grenada,GD,,,Grenada,,,GD,Grenada,
country:GT,country,Guatemala,The Republic of Guatemala,GT,,,Guatemala,,,GT,Republic of Guatemala,
country:GN,country,Guinea,The Republic of Guinea,GN,,,Gini,,"Guinée,
Gine,
Gine",GN,Republic of Guinea,french guinea
country:GW,country,Guinea-Bissau,The Republic of Guinea-Bissau,GW,,,Guiné-Bissau,,,GW,Republic of Guinea-Bissau,portuguese guinea
country:GY,country,Guyana,The Co-operative Republic of Guyana,GY,,,Gaiana,,,GY,Co-operative Republic of Guyana,british guiana
country:HT,country,Haiti,The Republic of Haiti,HT,,,Haiti,,"Haïti,
Ayiti",HT,Republic of Haiti,
country:HN,country,Honduras,The Republic of Honduras,HN,,,Hondwras,,,HN,Republic of Honduras,
country:HU,country,Hungary,Hungary,HU,,,Hwngari,,Magyarország,"HU,Magyarország",Hungary,magyarorszag
country:IS,country,Iceland,The Republic of Iceland,IS,,,Gwlad yr Iâ,,Ísland,"IS,Island",Republic of Iceland,
country:IN,country,India,The Republic of India,IN,,,India,,"Bharôt,
ভাৰত,
Bharôt,
ভারত,
Bhārat,
ભારત,
Bhārat,
भारत,
Bhārata,
ಭಾರತ,
Bhārat,
भारत,
Bhāratam,
ഭാരതം,
Bhārat,
भारत,
Bhārat,
भारत,
Bharôtô,
ଭାରତ,
Bhārat,
ਭਾਰਤ,
Bhāratam,
भारतम्,
Bārata,
பாரதம்,
Bhāratadēsam,
భారత దేశం","IN,भारत गणराज्य,Hindustan",Republic of India,bharat
country:ID,country,Indonesia,The Republic of Indonesia,ID,,,Indonesia,,,ID,Republic of Indonesia,dutch east indies
country:IR,country,Iran,The Islamic Republic of Iran,IR,,,Iran,,",Īrān
ایران"," ایران,IR",Islamic Republic of Iran,persia
country:IQ,country,Iraq,The Republic of Iraq,IQ,,,Irac,,"Al-'Iraq,
العراق,
Îraq"," العراق,‎IQ",Republic of Iraq,"al-iraq,
irak"
country:IE,country,Ireland,Ireland,IE,,,Iwerddon,Irelend,Éire,"IE,Éire",Ireland,"eire,
irish republic"
country:IL,country,Israel,The State of Israel,IL,,,Israel,Isreal,",Yisra'el
,ישראל
,Israʼiyl
إسرائيل"," إسرائيل,ישראל,IL",State of Israel,"sion,
yisrael,
zion"
country:IT,country,Italy,The Italian Republic,IT,,,Yr Eidal,Itlay,Italia,"IT,Italia",Italian Republic,
country:CI,country,Ivory Coast,The Republic of Cote D'Ivoire,CI,,,Côte d’Ivoire,,,"CI,Cote dIvoire",Republic of Cote D'Ivoire,cote d'ivoire
country:JM,country,Jamaica,Jamaica,JM,,,Jamaica,"Jamaca,
Jamacia",,JM,Jamaica,"rastas,
rastafari"
country:JP,country,Japan,Japan,JP,,,Japan,,"Nihon,
Nippon,
日本","JP,Nippon,Nihon,日本",Japan,
country:JO,country,Jordan,The Hashemite Kingdom of Jordan,JO,,,Iorddonen,,",Al-’Urdun
الأردن"," الأردن,JO",Hashemite Kingdom of Jordan,
country:KZ,country,Kazakhstan,The Republic of Kazakhstan,KZ,,,Kazakstan,,"Qazaqstan,
Қазақстан,
قازاقستان,
Kazakhstán,
Казахстан","KZ,Қазақстан,Казахстан",Republic of Kazakhstan,"kazak,
kazakh,
kazakstan"
country:KE,country,Kenya,The Republic of Kenya,KE,,,Kenya,,,KE,Republic of Kenya,
country:KI,country,Kiribati,The Republic of Kiribati,KI,,,Kiribati,,,KI,Republic of Kiribati,
country:XK,country,Kosovo,The Republic of Kosovo,XK,,,Kosovo,,"Kosova,
Косово",,Republic of Kosovo,
country:KW,country,Kuwait,The State of Kuwait,KW,,,Kuwait,,",Dawlat ul-Kuwayt
,دولة الكويت
,il-ikwet
الكويت"," الكويت,KW",State of Kuwait,koweit
country:KG,country,Kyrgyzstan,The Kyrgyz Republic,KG,,,Kyrgyzstan,,"Kyrgyzstan,
Кыргызстан,
Kirgizija,
Киргизия","KG,Кыргызстан",Kyrgyz Republic,"kirghiz,
kirghizia,
kirghizstan,
kirgiz,
kirgizia,
kirgizstan,
kyrgyz republic"
country:LA,country,Laos,The Lao People's Democratic Republic,LA,,,Laos,,"Lao,
ປະເທດລາວ",LA,Lao People's Democratic Republic,
country:LV,country,Latvia,The Republic of Latvia,LV,,,Latfia,,Latvija,"LV,Latvija",Republic of Latvia,
country:LB,country,Lebanon,The Lebanese Republic,LB,,,Libanus,,",Lubnān
لبنان"," لبنان,LB",Lebanese Republic,
country:LS,country,Lesotho,The Kingdom of Lesotho,LS,,,Lesotho,,,LS,Kingdom of Lesotho,basutoland
country:LR,country,Liberia,The Republic of Liberia,LR,,,Liberia,,,LR,Republic of Liberia,
country:LY,country,Libya,Libya,LY,,,Libia,,"Libya,
ⵍⵉⴱⵢⴰ,
Lībiyā,
ليبيا"," ليبيا,LY",Libya,socialist people's libyan arab jamahiriya
country:LI,country,Liechtenstein,The Principality of Liechtenstein,LI,,,Liechtenstein,,,LI,Principality of Liechtenstein,
country:LT,country,Lithuania,The Republic of Lithuania,LT,,,Lithwania,,Lietuva,"LT,Lietuva",Republic of Lithuania,lietuva
country:LU,country,Luxembourg,The Grand Duchy of Luxembourg,LU,,,Lwcsembwrg,Luxemborg,"Lëtzebuerg,
Luxemburg",LU,Grand Duchy of Luxembourg,luxemburg
country:MK,country,Macedonia,The Republic of Macedonia,MK,,,Gweriniaeth Macedonia,,"Makedonija,
Македонија","MK,Македонија",Republic of Macedonia,"macedon,
makedonija"
country:MG,country,Madagascar,The Republic of Madagascar,MG,,,Madagasgar,,"Madagasikara,
Madagascar","MG,Madagasikara",Republic of Madagascar,malagasy republic
country:MW,country,Malawi,The Republic of Malawi,MW,,,Malawi,,,MW,Republic of Malawi,nyasaland
country:MY,country,Malaysia,Malaysia,MY,,,Malaysia,Malyasi,"Malaysia,
Mǎláixīyà,
马来西亚,
Malēṣiyā,
மலேசியா",MY,Malaysia,federation of malaysia
country:MV,country,Maldives,The Republic of Maldives,MV,,,Maldives,,Dhivehi Raajje,MV,Republic of Maldives,
country:ML,country,Mali,The Republic of Mali,ML,,,Mali,,,ML,Republic of Mali,french sudan
country:MT,country,Malta,The Republic of Malta,MT,,,Malta,,,MT,Republic of Malta,
country:MH,country,Marshall Islands,The Republic of the Marshall Islands,MH,,,Ynysoedd Marshall,,Aorōkin M̧ajeļ,MH,Republic of the Marshall Islands,
country:MR,country,Mauritania,The Islamic Republic of Mauritania,MR,,,Mauritania,,"Muritan,
Agawec
ⵎⵓⵔⵉⵜⴰⵏ,
ⴰⴳⴰⵡⵛ
Mūrītānyā
موريتانيا"," الموريتانية,MR",Islamic Republic of Mauritania,"mauritanie,
muritaniya"
country:MU,country,Mauritius,The Republic of Mauritius,MU,,,Mauritius,,"Mauritius,
Maurice,
Moris",MU,Republic of Mauritius,
country:MX,country,Mexico,The United Mexican States,MX,,,Mecsico,"Mexcio,
Mexixo","México,
Mēxihco","MX,Mexicanos",United Mexican States,
country:FM,country,Micronesia,The Federated States of Micronesia,FM,,,Micronesia,,,FM,Federated States of Micronesia,tt
country:MD,country,Moldova,The Republic of Moldova,MD,,,Moldofa,,,MD,Republic of Moldova,moldavia
country:MC,country,Monaco,The Principality of Monaco,MC,,,Monaco,,,MC,Principality of Monaco,
country:MN,country,Mongolia,Mongolia,MN,,,Mongolia,,"Mongol Uls,
Монгол Улс,
ᠮᠤᠩᠭᠤᠯ ᠤᠯᠤᠰ","MN,Mongγol ulus,Монгол улс",Mongolia,outer mongolia
country:ME,country,Montenegro,Montenegro,ME,,,Montenegro,,"Crna Gora,
Црна Гора",ME,Montenegro,crna gora
country:MA,country,Morocco,The Kingdom of Morocco,MA,,,Moroco,,"Amerruk,
Elmeɣrib,
ⴰⵎⵔⵔⵓⴽ,
ⵍⵎⵖⵔⵉⴱ,
Al-maɣréb,
المغرب"," المغرب,MA",Kingdom of Morocco,"al-magrib,
maroc,
marruecos"
country:MZ,country,Mozambique,The Republic of Mozambique,MZ,,,Mosambic,,Moçambique,"MZ,Moçambique",Republic of Mozambique,mocambique
country:NA,country,Namibia,The Republic of Namibia,NA,,,Namibia,,,"NA,Namibië",Republic of Namibia,south west africa
country:NR,country,Nauru,The Republic of Nauru,NR,,,Nauru,,Naoero,"NR,Naoero",Republic of Nauru,
country:NP,country,Nepal,The Federal Democratic Republic of Nepal,NP,,,Nepal,,"Nepāl,
नेपाल","NP,नेपाल",Federal Democratic Republic of Nepal,
country:NL,country,Netherlands,The Kingdom of the Netherlands,NL,,,Yr Iseldiroedd,,"Nederland,
Nederlân","NL,Holland,Nederland",Kingdom of the Netherlands,"holland,
nederland"
country:NZ,country,New Zealand,New Zealand,NZ,,,Seland Newydd,"Zealnd,
Zeland",Aotearoa,"NZ,Aotearoa",New Zealand,
country:NI,country,Nicaragua,The Republic of Nicaragua,NI,,,Nicaragwa,,,NI,Republic of Nicaragua,
country:NE,country,Niger,The Republic of Niger,NE,,,Niger,,,"NE,Nijar",Republic of Niger,
country:NG,country,Nigeria,The Federal Republic of Nigeria,NG,,,Nigeria,,,"NG,Nijeriya,Naíjíríà",Federal Republic of Nigeria,
country:KP,country,North Korea,The Democratic People's Republic of Korea,KP,,,Gogledd Corea,,"조선 / 朝鮮,
Bukchosŏn,
북조선","KP,North Korea",Democratic People's Republic of Korea,"d.p.r.k.,
dprk"
country:NO,country,Norway,The Kingdom of Norway,NO,,,Norwy,,"Norge,
Noreg","NO,Norge,Noreg",Kingdom of Norway,"noreg,
norge"
country:OM,country,Oman,The Sultanate of Oman,OM,,,Oman,,",‘Umān
عُمان"," عمان,OM",Sultanate of Oman,"muscat and oman,
sultanate of oman"
country:PK,country,Pakistan,The Islamic Republic of Pakistan,PK,,,Pakistan,,"
پاکستان"," پاکستان,PK",Islamic Republic of Pakistan,west pakistan
country:PW,country,Palau,The Republic of Palau,PW,,,Palau,,Belau,PW,Republic of Palau,"belau,
pelew"
country:PA,country,Panama,The Republic of Panama,PA,,,Panama,,Panamá,PA,Republic of Panama,
country:PG,country,Papua New Guinea,The Independent State of Papua New Guinea,PG,,,Papua Guinea Newydd,,Papua Niugini,PG,Independent State of Papua New Guinea,
country:PY,country,Paraguay,The Republic of Paraguay,PY,,,Paragwâi,,Paraguái,PY,Republic of Paraguay,
country:PE,country,Peru,The Republic of Peru,PE,,,Periw,,"Perú,
Piruw",PE,Republic of Peru,
country:PH,country,Philippines,The Republic of the Philippines,PH,,,Pilipinas,Phillippine,"Pilipinas,
Pinas","PH,Pilipinas",Republic of the Philippines,philippine islands
country:PL,country,Poland,The Republic of Poland,PL,,,Gwlad Pwyl,,Polska,"PL,Polska",Republic of Poland,
country:PT,country,Portugal,The Portuguese Republic,PT,,,Portiwgal,,,"PT,Portuguesa",Portuguese Republic,
country:QA,country,Qatar,The State of Qatar,QA,,,Qatar,,"
قطر"," قطر,QA",State of Qatar,"katar,
state of katar"
country:RO,country,Romania,Romania,RO,,,Rwmania,,Romania,"RO,Rumania,Roumania,România",Romania,"roumania,
rumania"
country:RU,country,Russia,The Russian Federation,RU,,,Rwsia,,"Rossiya,
Rossiâ,
Россия1","RU,Rossiya,Российская,Россия",Russian Federation,
country:RW,country,Rwanda,The Republic of Rwanda,RW,,,Rwanda,,,RW,Republic of Rwanda,"ruanda,
rwandese republic"
country:WS,country,Samoa,The Independent State of Samoa,WS,,,Samoa,Samo,Amerika Sāmoa,WS,Independent State of Samoa,"samoa i sisifo,
western samoa"
country:SM,country,San Marino,The Republic of San Marino,SM,,,San Marino,,,"SM,RSM,Repubblica",Republic of San Marino,
country:ST,country,Sao Tome and Principe,The Democratic Republic of Sao Tome and Principe,ST,,,São Tomé a Príncipe,,São Tomé e Príncipe,ST,Democratic Republic of Sao Tome and Principe,"sao thome e principe,
sao tome e principe,
st. thomas and principe"
country:SA,country,Saudi Arabia,The Kingdom of Saudi Arabia,SA,,,Saudi Arabia,,",Al-Mamlaka Al-‘Arabiyyah as Sa‘ūdiyyah
المملكة العربية السعودية"," السعودية,SA",Kingdom of Saudi Arabia,
country:SN,country,Senegal,The Republic of Senegal,SN,,,Sénégal,,Sénégal,"SN,Sénégal",Republic of Senegal,
country:RS,country,Serbia,The Republic of Serbia,RS,,,Serbia,,"Srbija,
Србија","RS,Србија,Srbija",Republic of Serbia,
country:SC,country,Seychelles,The Republic of Seychelles,SC,,,Seychelles,,Sesel,SC,Republic of Seychelles,
country:SL,country,Sierra Leone,The Republic of Sierra Leone,SL,,,Sierra Leone,,,SL,Republic of Sierra Leone,
country:SG,country,Singapore,The Republic of Singapore,SG,,,Singapore,,"Singapura,
Xīnjiāpō,
新加坡,
Singapur,
சிங்கப்பூர்","SG,Singapura,சிங்கப்பூர்கு,டியரசு,新加坡共和国",Republic of Singapore,
country:SK,country,Slovakia,The Slovak Republic,SK,,,Slofacia,,Slovensko,"SK,Slovenská,Slovensko",Slovak Republic,
country:SI,country,Slovenia,The Republic of Slovenia,SI,,,Slofenia,,Slovenija,"SI,Slovenija",Republic of Slovenia,slovenija
country:SB,country,Solomon Islands,Solomon Islands,SB,,,Ynysoedd Solomon,,Solomon Aelan,SB,Solomon Islands,solomons
country:SO,country,Somalia,Federal Republic of Somalia,SO,,,Somalia,,"Soomaaliya,
aş-Şūmāl,
الصومال"," الصومال,SO",Federal Republic of Somalia,"aiai,
al-itihaad al-islamiya,
al itihaad al islamiya"
country:ZA,country,South Africa,The Republic of South Africa,ZA,,,De Affrica,,"South Africa,
Suid-Afrika,
iNingizimu Afrika,
uMzantsi Afrika,
Afrika-Borwa,
Afrika Borwa,
Aforika Borwa,
Afurika Tshipembe,
Afrika Dzonga,
iNingizimu Afrika,
iSewula Afrika","ZA,RSA,Suid-Afrika",Republic of South Africa,
country:KR,country,South Korea,The Republic of Korea,KR,,,De Corea,,"Hanguk,
한국 / 韓國,
Namhan,
남한","KR,South Korea",Republic of Korea,
country:SS,country,South Sudan,The Republic of South Sudan,SS,,,De Sudan,,,SS,Republic of South Sudan,
country:ES,country,Spain,The Kingdom of Spain,ES,,,Sbaen,,"España,
Espanya,
Espainia,
Espanha","ES,España",Kingdom of Spain,
country:LK,country,Sri Lanka,The Democratic Socialist Republic of Sri Lanka,LK,,,Sri Lanka,,"Sri Lankā,
ශ්‍රී ලංකාව,
இலங்கை","LK,ශ්‍රී ලංකා,இலங்கை,Ceylon",Democratic Socialist Republic of Sri Lanka,ceylon
country:KN,country,St Kitts and Nevis,The Federation of Saint Christopher and Nevis,KN,,,Saint Kitts a Nevis,,,KN,Federation of Saint Christopher and Nevis,
country:LC,country,St Lucia,Saint Lucia,LC,,,Saint Lucia,,,LC,Saint Lucia,
country:VC,country,St Vincent,Saint Vincent and the Grenadines,VC,,,Saint Vincent a’r Grenadines,,,VC,Saint Vincent and the Grenadines,
country:SD,country,Sudan,The Republic of the Sudan,SD,,,Sudan,,",As-Sudan
السودان"," السودان,SD",Republic of the Sudan,soudan
country:SR,country,Suriname,The Republic of Suriname,SR,,,Swrinam,,,"SR,शर्नम्,Sarnam,Sranangron",Republic of Suriname,
country:SZ,country,Swaziland,The Kingdom of Swaziland,SZ,,,Gwlad Swazi,,"Umbuso weSwatini,
kaNgwane,
Eswatini","SZ,weSwatini,Swatini,Ngwane",Kingdom of Swaziland,
country:SE,country,Sweden,The Kingdom of Sweden,SE,,,Sweden,,Sverige,"SE,Sverige",Kingdom of Sweden,sverige
country:CH,country,Switzerland,The Swiss Confederation,CH,,,Y Swistir,Switerland,"Schweiz,
Suisse,
Svizzera,
Svizra","CH,Swiss Confederation,Schweiz,Suisse,Svizzera,Svizra",Swiss Confederation,"schweiz,
suisse,
svizzera"
country:SY,country,Syria,The Syrian Arab Republic,SY,,,Syria,,",Suriyah
سورية"," سورية,SY,Syria",Syrian Arab Republic,
country:TJ,country,Tajikistan,The Republic of Tajikistan,TJ,,,Tajikistan,,"Tojikistan,
Тоҷикистон","TJ,Тоҷикистон,Toçikiston",Republic of Tajikistan,"tadjik,
tadzhik,
tadzhikistan,
tajik"
country:TZ,country,Tanzania,The United Republic of Tanzania,TZ,,,Tanzania,,,TZ,United Republic of Tanzania,
country:TH,country,Thailand,The Kingdom of Thailand,TH,,,Gwlad Thai,,"Mueang Thai,
Prathet Thai,
Ratcha-anachak Thai,
เมืองไทย, ประเทศไทย,
ราชอาณาจักรไทย","TH,ประเทศไทย,Prathet Thai",Kingdom of Thailand,siam
country:BS,country,The Bahamas,The Commonwealth of The Bahamas,BS,,,Y Bahamas,,,BS,Commonwealth of ,Bahamas
country:GM,country,The Gambia,The Islamic Republic of The Gambia,GM,,,Gambia,,,GM,Islamic Republic of ,Gambia
country:TG,country,Togo,The Togolese Republic,TG,,,Togo,,,"TG,Togolese",Togolese Republic,
country:TO,country,Tonga,The Kingdom of Tonga,TO,,,Tonga,,,TO,Kingdom of Tonga,friendly islands
country:TT,country,Trinidad and Tobago,The Republic of Trinidad and Tobago,TT,,,Trinidad a Thobago,,,TT,Republic of Trinidad and Tobago,
country:TN,country,Tunisia,The Tunisian Republic,TN,,,Tunisia,,"Tunes,
ⵜⵓⵏⵙ,
Tūns,
تونس"," تونس,TN",Tunisian Republic,
country:TR,country,Turkey,The Republic of Turkey,TR,,,Twrci,,Türkiye,"TR,Türkiye,Turkiye",Republic of Turkey,
country:TM,country,Turkmenistan,Turkmenistan,TM,,,Turkmenistan,,Türkmenistan,"TM,Türkmenistan",Turkmenistan,"turkmen,
turkmenia,
turkomen"
country:TV,country,Tuvalu,Tuvalu,TV,,,Twfalw,,Jèrri,TV,Tuvalu,ellice islands
country:UG,country,Uganda,The Republic of Uganda,UG,,,Uganda,,,UG,Republic of Uganda,
country:UA,country,Ukraine,Ukraine,UA,,,Wcráin,,"Ukraїna,
Україна","UA,Ukrayina,Україна",Ukraine,ukrayina
country:AE,country,United Arab Emirates,The United Arab Emirates,AE,,,Yr Emiradau Arabaidd Unedig,"arab emir ates,
arab emirates",",Al-’Imārat Al-‘Arabiyyah Al-Muttaḥidah
الإمارات العربيّة المتّحدة"," الإمارات,AE,UAE",United Arab Emirates,
country:GB,country,United Kingdom,The United Kingdom of Great Britain and Northern Ireland,GB,,,Y Deyrnas Unedig,"Bitain,
Briain,
Britiain,
Brtain,
Englsnd,
Grat Britain,
Great Britan,
Gret Britain,
Scottland","Y Deyrnas Unedig,
Unitit Kinrick,
Rìoghachd Aonaichte,
Ríocht Aontaithe,
An Rywvaneth Unys","GB,Great Britain,England,UK,Wales,Scotland,Northern Ireland",United Kingdom of Great Britain and Northern Ireland,"britain,
great britain,
u.k.,
uk"
country:US,country,United States,The United States of America,US,,,Unol Daleithiau America,"Ameeri,
Ameica,
Amerca,
Amercia,
Ameria,
Amrica,
Anmerica,
Unit States,
Unite States,
United Sat,
United Staes,
United Stated,
United Stats,
United Sttes,
Unites States,
Untied State,
americia","Estados Unidos,
États-Unis,
Amelika-hui-pu-'ia","US,USA,United States of America",United States of America,"the states,
u.s.,
u.s.a.,
us,
usa
us of a"
country:UY,country,Uruguay,The Oriental Republic of Uruguay,UY,,,Wrwgwái,,República Oriental del Uruguay,UY,Oriental Republic of Uruguay,
country:SU,country,USSR,Union of Soviet Socialist Republics,SU,,,Undeb y Gweriniaethau Sofiet Sosialaidd,,Союз Советских Социалистических Республик,,Union of Soviet Socialist Republics,
country:UZ,country,Uzbekistan,The Republic of Uzbekistan,UZ,,,Uzbekistan,,"O‘zbekiston,
Ўзбекистон","UZ,Ўзбекистон,O'zbekstan,O‘zbekiston",Republic of Uzbekistan,uzbek
country:VU,country,Vanuatu,The Republic of Vanuatu,VU,,,Vanuatu,,,VU,Republic of Vanuatu,new hebrides
country:VA,country,Vatican City,Vatican City State,VA,,,Gweriniaeth Dinas y Fatican,,E Civitate Vaticana,"VA,Holy See",Vatican City State,citta del vaticano
country:VE,country,Venezuela,The Bolivarian Republic of Venezuela,VE,,,Feneswela,Venezula,Venezuela,VE,Bolivarian Republic of Venezuela,
country:VN,country,Vietnam,The Socialist Republic of Vietnam,VN,,,Fietnam,"Veitnam,
Vietman",Việt Nam,"VN,Việt Nam",Socialist Republic of Vietnam,annam
country:YE,country,Yemen,The Republic of Yemen,YE,,,Yemen,,",Al-Yaman
اليمن",", اليمن
YE",Republic of Yemen,
country:YU,country,Yugoslavia,Socialist Federal Republic of Yugoslavia,YU,,,Iwgoslafia,Yugosav,,,Socialist Federal Republic of Yugoslavia,jugoslavija
country:ZM,country,Zambia,The Republic of Zambia,ZM,,,Zambia,,,ZM,Republic of Zambia,northern rhodesia
country:ZW,country,Zimbabwe,The Republic of Zimbabwe,ZW,,,Zimbabwe,,,ZW,Republic of Zimbabwe,rhodesia
territory:AX,territory,Åland Islands,Åland Islands,AX,Finland,,Ynysoedd Åland,,"Åland,
Ahvenanmaa","AX,
Aaland,
Aland",Åland Islands,
territory:AI,territory,Anguilla,Anguilla,AI,United Kingdom,,Anguilla,,,AI,Anguilla,
territory:AQ,territory,Antarctica,Antarctica,AQ,,"david:1,david:2,david:3,david:4,david:5,david:6,david:7,david:8",Antarctica,,,AQ,Antarctica,
territory:AW,territory,Aruba,Aruba,AW,Netherlands,,Aruba,,,AW,Aruba,
territory:SH-AC,territory,Ascension,Ascension Island,SH-AC,United Kingdom,,Ynys Ascension,aslension island,,,Ascension Island,
territory:GG,territory,Guernsey,Bailiwick of Guernsey,GG,United Kingdom,,Beilïaeth Guernsey,,,GG,Bailiwick of Guernsey,island of guernsey
territory:JE,territory,Jersey,Bailiwick of Jersey,JE,United Kingdom,,Beilïaeth Jersey,,,JE,Bailiwick of Jersey,island of jersey
territory:UM-81,territory,Baker Island,Baker Island,UM-81,United States,,Island pobydd,,,,Baker Island,
territory:BM,territory,Bermuda,Bermuda,BM,United Kingdom,,bermuda,,,BM,Bermuda,bermudas
territory:BQ-BO,territory,Bonaire,Bonaire,BQ-BO,Netherlands,,Bonaire,,,BQ,Bonaire,
territory:BV,territory,Bouvet Island,Bouvet Island,BV,Norway,,Island Bouvet,,,BV,Bouvet Island,
territory:BAT,territory,British Antarctic Territory,British Antarctic Territory,BAT,United Kingdom,,Tiriogaeth Antarctig Prydain,,,,British Antarctic Territory,
territory:KY,territory,Cayman Islands,Cayman Islands,KY,United Kingdom,,Ynysoedd y Cayman,,,KY,Cayman Islands,
territory:ES-CE,territory,Ceuta,Ceuta,ES-CE,Spain,,Ceuta,,,,Ceuta,
territory:MF,territory,Saint-Martin (French part),Collectivity of Saint Martin,MF,France,,Collectivity Sant Martin,,Sint Maarten,MF,Collectivity of Saint Martin,
territory:PR,territory,Puerto Rico,Commonwealth of Puerto Rico,PR,United States,,Gymanwlad Puerto Rico,"Porto Rico,
Puarto Rico",,PR,Commonwealth of Puerto Rico,"porto rico,
pr"
territory:MP,territory,Northern Mariana Islands,Commonwealth of the Northern Mariana Islands,MP,United States,,Gymanwlad Ynysoedd Gogledd Mariana,,,MP,Commonwealth of the Northern Mariana Islands,northern marianas
territory:CK,territory,Cook Islands,Cook Islands,CK,New Zealand,,Ynysoedd Cook,,,CK,Cook Islands,
territory:CW,territory,Curaçao,Country of Curaçao,CW,Netherlands,,Gwlad Curaçao,,"Curaçao,
Kòrsou,
Curaçao","CW,Curacao",Country of Curaçao,
territory:AE-AZ,territory,Abu Dhabi,Emirate of Abu Dhabi,AE-AZ,United Arab Emirates,,Emirate o Abu Dhabi,,,,Emirate of Abu Dhabi,
territory:AE-AJ,territory,Ajman,Emirate of Ajman,AE-AJ,United Arab Emirates,,Emirate o Ajman,,,,Emirate of Ajman,
territory:AE-DU,territory,Dubai,Emirate of Dubai,AE-DU,United Arab Emirates,,Emirate o Dubai,,,,Emirate of Dubai,
territory:AE-FU,territory,Fujairah,Emirate of Fujairah,AE-FU,United Arab Emirates,,Emirate o Fujairah,,,,Emirate of Fujairah,
territory:AE-RK,territory,Ras al-Khaimah,Emirate of Ras al-Khaimah,AE-RK,United Arab Emirates,,Emirate o Ras al-Khaimah,,,,Emirate of Ras al-Khaimah,
territory:AE-SH,territory,Sharjah,Emirate of Sharjah,AE-SH,United Arab Emirates,,Emirate o Sharjah,,,,Emirate of Sharjah,
territory:AE-UQ,territory,Umm al-Quwain,Emirate of Umm al-Quwain,AE-UQ,United Arab Emirates,,Emirate o Umm al-Quwain,,,,Emirate of Umm al-Quwain,
territory:FK,territory,Falkland Islands,Falkland Islands,FK,United Kingdom,,Ynysoedd y Falklands,,,FK,Falkland Islands,
territory:FO,territory,Faroe Islands,Faroe Islands,FO,Denmark,,Ynysoedd Faroe,,"Føroyar,
Færøerne","FO,Føroyar,Færøerne",Faroe Islands,"faeroe islands,
aeroes,
faroes"
territory:GF,territory,French Guiana,French Guiana,GF,France,,french Guiana,,Guyane,GF,French Guiana,
territory:PF,territory,French Polynesia,French Polynesia,PF,France,,Polynesia Ffrengig,,Polynésie française,"PF,Polynésie française",French Polynesia,french oceania
territory:TF,territory,French Southern Territories,French Southern Territories,TF,France,,Ffrangeg Tiriogaethau Deheuol,,,TF,French Southern Territories,
territory:GI,territory,Gibraltar,Gibraltar,GI,United Kingdom,,Gibraltar,,,GI,Gibraltar,calpe
territory:GL,territory,Greenland,Greenland,GL,Denmark,,Ynys Las,,"Kalaallit Nunaat,
Grønland","GL,grønland",Greenland,"gronland,
kalaallit nunaat"
territory:GP,territory,Guadeloupe,Guadeloupe,GP,France,,Guadeloupe,,,GP,Guadeloupe,
territory:HK,territory,Hong Kong,Hong Kong Special Administrative Region,HK,China,,Hong Kong Rhanbarth Gweinyddol Arbennig,,"Heung Gong,
香港","HK,香港",Hong Kong Special Administrative Region,
territory:UM-84,territory,Howland Island,Howland Island,UM-84,United States,,Ynys Howland,,,,Howland Island,
territory:IM,territory,Isle of Man,Isle of Man,IM,United Kingdom,,Ynys Manaw,,Ellan Vannin,IM,Isle of Man,
territory:UM-86,territory,Jarvis Island,Jarvis Island,UM-86,United States,,Island Jarvis,,,,Jarvis Island,
territory:UM-67,territory,Johnston Atoll,Johnston Atoll,UM-67,United States,,Johnston Atoll,,,,Johnston Atoll,
territory:UM-89,territory,Kingman Reef,Kingman Reef,UM-89,United States,,Kingman Reef,,,,Kingman Reef,
territory:MO,territory,Macao,Macao Special Administrative Region,MO,China,,Macao Rhanbarth Gweinyddol Arbennig,,,MO,Macao Special Administrative Region,macau
territory:MQ,territory,Martinique,Martinique,MQ,France,,Martinique,,,MQ,Martinique,
territory:YT,territory,Mayotte,Mayotte,YT,France,,Mayotte,,,YT,Mayotte,
territory:ES-ML,territory,Melilla,Melilla,ES-ML,Spain,,Melilla,,,,Melilla,
territory:UM-71,territory,Midway Islands,Midway Islands,UM-71,United States,,Ynysoedd Midway,,,,Midway Islands,
territory:MS,territory,Montserrat,Montserrat,MS,United Kingdom,,Montserrat,,,MS,Montserrat,
territory:UM-76,territory,Navassa Island,Navassa Island,UM-76,United States,,Ynys Navassa,,,,Navassa Island,
territory:NC,territory,New Caledonia,New Caledonia,NC,France,,Caledonia newydd,,Nouvelle-Calédonie,NC,New Caledonia,
territory:NU,territory,Niue,Niue,NU,New Zealand,,Niue,,"Niuē,
Niue",NU,Niue,
territory:UM-95,territory,Palmyra Atoll,Palmyra Atoll,UM-95,United States,,Palmyra Atoll,,,,Palmyra Atoll,
territory:PN,territory,"Pitcairn, Henderson, Ducie and Oeno Islands","Pitcairn, Henderson, Ducie and Oeno Islands",PN,United Kingdom,,"Pitcairn, Henderson, Ducie ac Oeno",,,PN,"Pitcairn, Henderson, Ducie and Oeno Islands",
territory:RE,territory,Réunion,Réunion,RE,France,,Réunion,,,"RE,Reunion",Réunion,
territory:BQ-SA,territory,Saba,Saba,BQ-SA,Netherlands,,Saba,,,,Saba,
territory:BL,territory,Saint Barthélemy,Saint Barthélemy,BL,France,,Saint Barthélemy,,,"BL,St. Barthelemy",Saint Barthélemy,
territory:SH-HL,territory,Saint Helena,Saint Helena,SH-HL,United Kingdom,,Saint Helena,,,SH,Saint Helena,
territory:PM,territory,Saint Pierre and Miquelon,Saint Pierre and Miquelon,PM,France,,Saint Pierre a Miquelon,,Saint-Pierre et Miquelon,PM,Saint Pierre and Miquelon,
territory:BQ-SE,territory,Sint Eustatius,Sint Eustatius,BQ-SE,Netherlands,,Sint Eustatius,,,,Sint Eustatius,
territory:SX,territory,Sint Maarten (Dutch part),Sint Maarten,SX,Netherlands,,Sint Maarten,,,SX,Sint Maarten,
territory:GS,territory,South Georgia and South Sandwich Islands,South Georgia and the South Sandwich Islands,GS,United Kingdom,,De Georgia ac Ynysoedd Sandwich y De,,,GS,South Georgia and the South Sandwich Islands,
territory:XQZ,territory,Akrotiri,Sovereign Base Areas of Akrotiri and Dhekelia,XQZ,United Kingdom,,Ardaloedd Safle Sofran Akrotiri a Dhekelia,,,,Sovereign Base Areas of Akrotiri and Dhekelia,
territory:XXD,territory,Dhekelia,Sovereign Base Areas of Akrotiri and Dhekelia,XXD,United Kingdom,,Ardaloedd Safle Sofran Akrotiri a Dhekelia,,,,Sovereign Base Areas of Akrotiri and Dhekelia,
territory:SJ,territory,Svalbard and Jan Mayen,Svalbard and Jan Mayen,SJ,Norway,,Svalbard a Jan Mayen,,,SJ,Svalbard and Jan Mayen,
territory:TW,territory,Taiwan,Taiwan,TW,China,,Taiwan,,"Zhōnghuá Mínguó,
Táiwān,
中華民國,
臺灣/台灣","TW,台灣,臺灣",Taiwan,
territory:AS,territory,American Samoa,Territory of American Samoa,AS,United States,,Tiriogaeth American Samoa,,,AS,Territory of American Samoa,eastern samoa
territory:CX,territory,Christmas Island,Territory of Christmas Island,CX,Australia,,Tiriogaeth Ynys y Nadolig,,,CX,Territory of Christmas Island,
territory:GU,territory,Guam,Territory of Guam,GU,United States,,Tiriogaeth Guam,,Guåhån,GU,Territory of Guam,
territory:HM,territory,Heard Island and McDonald Islands,Territory of Heard Island and McDonald Islands,HM,Australia,,Tiriogaeth Ynys Heard ac Ynysoedd McDonald,,,HM,Territory of Heard Island and McDonald Islands,
territory:NF,territory,Norfolk Island,Territory of Norfolk Island,NF,Australia,,Tiriogaeth Ynys Norfolk,,,NF,Territory of Norfolk Island,
territory:CC,territory,Cocos (Keeling) Islands,Territory of the Cocos (Keeling) Islands,CC,Australia,,Tiriogaeth y Cocos (Keeling) Ynysoedd,,,CC,Territory of the Cocos (Keeling) Islands,
territory:WF,territory,Wallis and Futuna,Territory of the Wallis and Futuna Islands,WF,France,,Tiriogaeth y Wallis a Futuna Ynysoedd,,"Wallis-et-Futuna,
Uvea mo Futuna",WF,Territory of the Wallis and Futuna Islands,
territory:IO,territory,British Indian Ocean Territory,The British Indian Ocean Territory,IO,United Kingdom,,Tiriogaeth Brydeinig Cefnfor India,,,IO,British Indian Ocean Territory,
territory:PS,territory,Occupied Palestinian Territories,The Occupied Palestinian Territories,PS,Israel,,Mae'r Tiriogaethau Meddianedig Palestina,,," فلسطين,PS",Occupied Palestinian Territories,
territory:VG,territory,British Virgin Islands,The Virgin Islands,VG,United Kingdom,,Ynysoedd y Wyryf,Virgina Islands,,VG,Virgin Islands,
territory:TK,territory,Tokelau,Tokelau,TK,New Zealand,,Tokelau,,,TK,Tokelau,
territory:SH-TA,territory,Tristan da Cunha,Tristan da Cunha,SH-TA,United Kingdom,,Tristan da Cunha,,,,Tristan da Cunha,
territory:TC,territory,Turks and Caicos Islands,Turks and Caicos Islands,TC,United Kingdom,,Ynysoedd Turks a Caicos,,,TC,Turks and Caicos Islands,
territory:VI,territory,United States Virgin Islands,Virgin Islands of the United States,VI,United States,,Virgin Islands yr Unol Daleithiau,,,VI,Virgin Islands of the United States,american virgin islands
territory:UM-79,territory,Wake Island,Wake Island,UM-79,United States,,Wake Island,,,,Wake Island,spanish sahara
territory:EH,territory,Western Sahara,Western Sahara,EH,,,Western Sahara,,," لصحراء الغربية,EH",Western Sahara,
uk:GBN,Constituent unit,Northern Ireland,Northern Ireland,GBN,United Kingdom,country:GB,Gogledd Iwerddon,,,,,
uk:NIR,Constituent unit,Wales,Wales,NIR,United Kingdom,country:GB,Cymru,,,,,
uk:WLS,Constituent unit,Scotland,Scotland,WLS,United Kingdom,country:GB,Yr Alban,,,,,
uk:SCT,Constituent unit,England,England,SCT,United Kingdom,country:GB,Lloegr,,,,,
uk:ENG,Constituent unit,Great Britain,Great Britain,ENG,United Kingdom,country:GB,Britain Mawr,,,,,
david:1,Antarctic territory,British Antarctic Territory,British Antarctic Territory,,United Kingdom,country:GB,Tiriogaeth Brydeinig yr Antarctig,,,,,
david:2,Antarctic territory,Argentine Antarctica,Argentine Antarctica,,Argentina,country:AR,Ariannin Antarctica,,,,,
david:3,Antarctic territory,Australian Antarctic Territory,Australian Antarctic Territory,,Australia,country:AU,Tiriogaeth Antarctig Awstralia,,,,,
david:4,Antarctic territory,Chilean Antarctic Territory,Chilean Antarctic Territory,,Chile,country:CL,Tiriogaeth Antarctig Chile,,,,,
david:5,Antarctic territory,Adélie Land,Adélie Land,,France,country:FR,Adélie Tir,,,,,
david:6,Antarctic territory,Ross Dependency,Ross Dependency,,New Zealand,country:NZ,Ross Dibyniaeth,,,,,
david:7,Antarctic territory,Queen Maud Land,Queen Maud Land,,Norway,country:NO,Queen Maud Tir,,,,,
david:8,Antarctic territory,Peter I Island,Peter I Island,,Norway,country:NO,Peter I Ynys,,,,,